Tcin,Tcout,Thin,Thout
0.14000081916893514,0.39541259941824247,0.6781078327663713,0.16375702317974217
0.17831289283325924,0.48405049931374233,0.14562637059376504,0.38723793705862886
0.6406074758730671,0.9719588983264974,0.7886710291507807,0.9350257962296251
0.9792398364589445,0.4886198913840438,0.531527963063981,0.9089985127266632
